submission,evaluated_at_utc,p1,p2,p3,p4,p5,p6,raw_sum,feasible_outputs,note
1,2026-06-21 18:05:18,11280,31368,130705,10153470,28945493,51943743,91216059,6,Initial feasible baseline
2,2026-06-25 16:25:35,11280,31368,130705,10153470,28945493,51943743,91216059,6,Zero-loss retest
3,2026-07-03 20:54:03,11280,31368,106650,8691553,24764083,49673443,83278377,6,Early structural improvement
4,2026-07-05 21:04:48,11280,31368,107570,8231627,24608769,50085398,83076012,6,"Tradeoff, not aggregate record"
5,2026-07-12 19:07:07,11280,31368,105855,7369833,23166627,47853733,78538696,6,Native-kernel/cache release
6,2026-07-16 16:15:31,11280,31368,105855,7215499,22243379,47073282,76680663,6,Objective-aware constructor
7,2026-07-23 03:03:39,11280,31368,103065,7136168,17492599,41698677,66473157,6,Portfolio expansion
8,2026-07-24 03:21:20,11280,31368,103065,6187873,17447412,41698677,65479675,6,Strong protected floor
9,2026-07-26 22:33:38,11280,31368,103065,7160951,17449131,43769078,68524873,6,Candidate 14 hidden transfer failure
10,2026-07-28 04:55:41,11280,31368,103065,6464170,16443998,42333422,65387303,6,Candidate 23 terminal submission
